<archetype-descriptor 
	xsi:schemaLocation="http://maven.apache.org/plugins/maven-archetype-plugin/archetype-descriptor/1.0.0 http://maven.apache.org/xsd/archetype-descriptor-1.0.0.xsd" 
	name="frnd-example-archetype"
    xmlns="http://maven.apache.org/plugins/maven-archetype-plugin/archetype-descriptor/1.0.0"
    xmlns:xsi="http://www.w3.org/2001/XMLSchema-instance">
    
  <id>frnd-example-archetype</id>
  
  <fileSets>
  
    <fileSet filtered="true" packaged="true" encoding="UTF-8">
      <directory>src/main/java</directory>
      <includes>
        <include>**/*.java</include>
      </includes>
    </fileSet>
    
    <fileSet filtered="true" packaged="true" encoding="UTF-8">
      <directory>src/test/java</directory>
      <includes>
        <include>**/*.java</include>
      </includes>
    </fileSet>

  </fileSets>
</archetype-descriptor>
